Processes,Time(s)
1,0.013475
2,0.006760
3,0.004466
4,0.003278
5,0.002677
6,0.002234
7,0.001903
8,0.001710
