procs,time_seconds,N
1,1.14721424,1000
2,0.96404543,1000
3,0.63694695,1000
4,0.53354735,1000
5,0.54522494,1000
6,0.58537492,1000
7,0.64377409,1000
8,0.55343071,1000
