procs,time_seconds,N
1,0.04833606,6000
2,0.02295170,6000
3,0.01468876,6000
4,0.01804718,6000
5,0.01107222,6000
6,0.01069520,6000
7,0.01073078,6000
8,0.01601119,6000
