Processes,Time
1,2.352262
2,1.238323
3,0.897256
4,0.742801
5,0.613845
6,0.555180
7,0.536936
8,0.494690
